p79_choice_value,p75_record_id,mapping_status
1,1,VERIFIED_SEED_2026-09-24
2,2,VERIFIED_SEED_2026-09-24
3,3,VERIFIED_SEED_2026-09-24
4,4,VERIFIED_SEED_2026-09-24
5,5,VERIFIED_SEED_2026-09-24
6,6,VERIFIED_SEED_2026-09-24
7,7,VERIFIED_SEED_2026-09-24
8,8,VERIFIED_SEED_2026-09-24
9,9,VERIFIED_SEED_2026-09-24
10,10,VERIFIED_SEED_2026-09-24
11,11,VERIFIED_SEED_2026-09-24
12,12,VERIFIED_SEED_2026-09-24
13,13,VERIFIED_SEED_2026-09-24
14,14,VERIFIED_SEED_2026-09-24
15,15,VERIFIED_SEED_2026-09-24
16,16,VERIFIED_SEED_2026-09-24
17,17,VERIFIED_SEED_2026-09-24
18,18,VERIFIED_SEED_2026-09-24
19,19,VERIFIED_SEED_2026-09-24
20,20,VERIFIED_SEED_2026-09-24
21,21,VERIFIED_SEED_2026-09-24
22,22,VERIFIED_SEED_2026-09-24
23,23,VERIFIED_SEED_2026-09-24
24,24,VERIFIED_SEED_2026-09-24
25,25,VERIFIED_SEED_2026-09-24
26,26,VERIFIED_SEED_2026-09-24
27,27,VERIFIED_SEED_2026-09-24
28,28,VERIFIED_SEED_2026-09-24
29,29,VERIFIED_SEED_2026-09-24
30,30,VERIFIED_SEED_2026-09-24
31,31,VERIFIED_SEED_2026-09-24
32,32,VERIFIED_SEED_2026-09-24
33,33,VERIFIED_SEED_2026-09-24
34,34,VERIFIED_SEED_2026-09-24
35,35,VERIFIED_SEED_2026-09-24
36,36,VERIFIED_SEED_2026-09-24
37,37,VERIFIED_SEED_2026-09-24
38,38,VERIFIED_SEED_2026-09-24
39,39,VERIFIED_SEED_2026-09-24
40,40,VERIFIED_SEED_2026-09-24
41,41,VERIFIED_SEED_2026-09-24
42,42,VERIFIED_SEED_2026-09-24
43,43,VERIFIED_SEED_2026-09-24
44,44,VERIFIED_SEED_2026-09-24
45,45,VERIFIED_SEED_2026-09-24
46,46,VERIFIED_SEED_2026-09-24
47,47,VERIFIED_SEED_2026-09-24
48,48,VERIFIED_SEED_2026-09-24
49,49,VERIFIED_SEED_2026-09-24
50,50,VERIFIED_SEED_2026-09-24
51,51,VERIFIED_SEED_2026-09-24
52,52,VERIFIED_SEED_2026-09-24
53,53,VERIFIED_SEED_2026-09-24
54,54,VERIFIED_SEED_2026-09-24
55,55,VERIFIED_SEED_2026-09-24
56,56,VERIFIED_SEED_2026-09-24
57,57,VERIFIED_SEED_2026-09-24
58,58,VERIFIED_SEED_2026-09-24
59,59,VERIFIED_SEED_2026-09-24
60,60,VERIFIED_SEED_2026-09-24
61,61,VERIFIED_SEED_2026-09-24
62,62,VERIFIED_SEED_2026-09-24
63,63,VERIFIED_SEED_2026-09-24
64,64,VERIFIED_SEED_2026-09-24
65,65,VERIFIED_SEED_2026-09-24
66,66,VERIFIED_SEED_2026-09-24
67,67,VERIFIED_SEED_2026-09-24
68,68,VERIFIED_SEED_2026-09-24
69,69,VERIFIED_SEED_2026-09-24
70,70,VERIFIED_SEED_2026-09-24
71,71,VERIFIED_SEED_2026-09-24
72,72,VERIFIED_SEED_2026-09-24
73,73,VERIFIED_SEED_2026-09-24
74,74,VERIFIED_SEED_2026-09-24
75,75,VERIFIED_SEED_2026-09-24
76,76,VERIFIED_SEED_2026-09-24
77,77,VERIFIED_SEED_2026-09-24
78,78,VERIFIED_SEED_2026-09-24
79,79,VERIFIED_SEED_2026-09-24
80,80,VERIFIED_SEED_2026-09-24
81,81,VERIFIED_SEED_2026-09-24
82,82,VERIFIED_SEED_2026-09-24
83,83,VERIFIED_SEED_2026-09-24
84,84,VERIFIED_SEED_2026-09-24
85,85,VERIFIED_SEED_2026-09-24
86,86,VERIFIED_SEED_2026-09-24
87,87,VERIFIED_SEED_2026-09-24
88,88,VERIFIED_SEED_2026-09-24
89,89,VERIFIED_SEED_2026-09-24
90,90,VERIFIED_SEED_2026-09-24
91,91,VERIFIED_SEED_2026-09-24
92,92,VERIFIED_SEED_2026-09-24
93,93,VERIFIED_SEED_2026-09-24
94,94,VERIFIED_SEED_2026-09-24
95,95,VERIFIED_SEED_2026-09-24
96,96,VERIFIED_SEED_2026-09-24
97,97,VERIFIED_SEED_2026-09-24
98,98,VERIFIED_SEED_2026-09-24
99,99,VERIFIED_SEED_2026-09-24
100,100,VERIFIED_SEED_2026-09-24
101,101,VERIFIED_SEED_2026-09-24
102,102,VERIFIED_SEED_2026-09-24
103,103,VERIFIED_SEED_2026-09-24
104,104,VERIFIED_SEED_2026-09-24
105,105,VERIFIED_SEED_2026-09-24
106,106,VERIFIED_SEED_2026-09-24
107,107,VERIFIED_SEED_2026-09-24
108,108,VERIFIED_SEED_2026-09-24
109,109,VERIFIED_SEED_2026-09-24
110,110,VERIFIED_SEED_2026-09-24
111,111,VERIFIED_SEED_2026-09-24
112,112,VERIFIED_SEED_2026-09-24
113,113,VERIFIED_SEED_2026-09-24
114,114,VERIFIED_SEED_2026-09-24
115,115,VERIFIED_SEED_2026-09-24
116,116,VERIFIED_SEED_2026-09-24
117,117,VERIFIED_SEED_2026-09-24
118,118,VERIFIED_SEED_2026-09-24
119,119,VERIFIED_SEED_2026-09-24
120,120,VERIFIED_SEED_2026-09-24
121,121,VERIFIED_SEED_2026-09-24
122,122,VERIFIED_SEED_2026-09-24
123,123,VERIFIED_SEED_2026-09-24
124,124,VERIFIED_SEED_2026-09-24
125,125,VERIFIED_SEED_2026-09-24
126,126,VERIFIED_SEED_2026-09-24
127,127,VERIFIED_SEED_2026-09-24
128,128,VERIFIED_SEED_2026-09-24
129,129,VERIFIED_SEED_2026-09-24
130,130,VERIFIED_SEED_2026-09-24
131,131,VERIFIED_SEED_2026-09-24
132,132,VERIFIED_SEED_2026-09-24
133,133,VERIFIED_SEED_2026-09-24
134,134,VERIFIED_SEED_2026-09-24
135,135,VERIFIED_SEED_2026-09-24
136,136,VERIFIED_SEED_2026-09-24
137,137,VERIFIED_SEED_2026-09-24
138,138,VERIFIED_SEED_2026-09-24
139,139,VERIFIED_SEED_2026-09-24
140,140,VERIFIED_SEED_2026-09-24
141,141,VERIFIED_SEED_2026-09-24
142,142,VERIFIED_SEED_2026-09-24
143,143,VERIFIED_SEED_2026-09-24
144,144,VERIFIED_SEED_2026-09-24
145,145,VERIFIED_SEED_2026-09-24
146,146,VERIFIED_SEED_2026-09-24
147,147,VERIFIED_SEED_2026-09-24
148,148,VERIFIED_SEED_2026-09-24
149,149,VERIFIED_SEED_2026-09-24
150,150,VERIFIED_SEED_2026-09-24
151,151,VERIFIED_SEED_2026-09-24
152,152,VERIFIED_SEED_2026-09-24
153,153,VERIFIED_SEED_2026-09-24
154,154,VERIFIED_SEED_2026-09-24
155,155,VERIFIED_SEED_2026-09-24
156,156,VERIFIED_SEED_2026-09-24
157,157,VERIFIED_SEED_2026-09-24
158,158,VERIFIED_SEED_2026-09-24
160,160,VERIFIED_SEED_2026-09-24
161,161,VERIFIED_SEED_2026-09-24
162,162,VERIFIED_SEED_2026-09-24
163,163,VERIFIED_SEED_2026-09-24
164,164,VERIFIED_SEED_2026-09-24
165,165,VERIFIED_SEED_2026-09-24
166,166,VERIFIED_SEED_2026-09-24
167,167,VERIFIED_SEED_2026-09-24
168,168,VERIFIED_SEED_2026-09-24
169,169,VERIFIED_SEED_2026-09-24
170,170,VERIFIED_SEED_2026-09-24
171,171,VERIFIED_SEED_2026-09-24
172,172,VERIFIED_SEED_2026-09-24
173,173,VERIFIED_SEED_2026-09-24
174,174,VERIFIED_SEED_2026-09-24
175,175,VERIFIED_SEED_2026-09-24
176,176,VERIFIED_SEED_2026-09-24
177,177,VERIFIED_SEED_2026-09-24
180,180,VERIFIED_SEED_2026-09-24
196,196,VERIFIED_SEED_2026-09-24
197,197,VERIFIED_SEED_2026-09-24
198,198,VERIFIED_SEED_2026-09-24
199,201,VERIFIED_SEED_2026-09-24
200,202,VERIFIED_SEED_2026-09-24
201,190,VERIFIED_MANUAL_2026-09-25
202,199,MANUAL_ADDITION_2026-10-06
203,203,MANUAL_ADDITION_2026-10-06
